id,name_wikitag,position,position_clean,start_date,end_date,landtag_state_abb,electoralperiod
/wiki/Herbert_Knoblich-bb-1,/wiki/Herbert_Knoblich,Landtagspräsident/in,Landtagspräsident/in,1990-10-26,1994-10-10,bb,1
/wiki/Karl-Heinz_Kretschmer-bb-1,/wiki/Karl-Heinz_Kretschmer,Landtagsvizepräsident/in,Landtagsvizepräsident/in,1990-10-26,1991-09-24,bb,1
/wiki/Martin_Habermann-bb-1,/wiki/Martin_Habermann,Landtagsvizepräsident/in,Landtagsvizepräsident/in,1991-09-25,1994-10-10,bb,1
/wiki/Herbert_Knoblich-bb-2,/wiki/Herbert_Knoblich,Landtagspräsident/in,Landtagspräsident/in,1994-10-11,1999-09-28,bb,2
/wiki/Martin_Habermann-bb-2,/wiki/Martin_Habermann,Landtagsvizepräsident/in,Landtagsvizepräsident/in,1994-10-11,1999-09-28,bb,2
/wiki/Herbert_Knoblich-bb-3,/wiki/Herbert_Knoblich,Landtagspräsident/in,Landtagspräsident/in,1999-09-29,2004-10-12,bb,3
/wiki/Martin_Habermann-bb-3,/wiki/Martin_Habermann,Landtagsvizepräsident/in,Landtagsvizepräsident/in,1999-09-29,2004-10-12,bb,3
/wiki/Gunter_Fritsch-bb-4,/wiki/Gunter_Fritsch,Landtagspräsident/in,Landtagspräsident/in,2004-10-13,2009-10-20,bb,4
/wiki/Lothar_Bisky-bb-4,/wiki/Lothar_Bisky,Landtagsvizepräsident/in,Landtagsvizepräsident/in,2004-10-13,2005-10-20,bb,4
/wiki/Gerlinde_Stobrawa-bb-4,/wiki/Gerlinde_Stobrawa,Landtagsvizepräsident/in,Landtagsvizepräsident/in,2005-11-09,2009-10-20,bb,4
/wiki/Gunter_Fritsch-bb-5,/wiki/Gunter_Fritsch,Landtagspräsident/in,Landtagspräsident/in,2009-10-21,2014-10-07,bb,5
/wiki/Gerrit_Gro%C3%9Fe-bb-5,/wiki/Gerrit_Gro%C3%9Fe,Landtagsvizepräsident/in,Landtagsvizepräsident/in,2009-12-16,2014-10-07,bb,5
/wiki/Gerlinde_Stobrawa-bb-5,/wiki/Gerlinde_Stobrawa,Landtagsvizepräsident/in,Landtagsvizepräsident/in,2009-10-21,2009-11-30,bb,5
/wiki/Britta_Stark-bb-6,/wiki/Britta_Stark,Landtagspräsident/in,Landtagspräsident/in,2014-10-08,2019-09-24,bb,6
/wiki/Dieter_Dombrowski-bb-6,/wiki/Dieter_Dombrowski,Landtagsvizepräsident/in,Landtagsvizepräsident/in,2014-10-08,2019-09-24,bb,6
/wiki/Hanna-Renate_Laurien-be-12,/wiki/Hanna-Renate_Laurien,Landtagspräsident/in,Landtagspräsident/in,1991-01-11,1995-11-29,be,12
/wiki/Marianne_Brinckmeier-be-12,/wiki/Marianne_Brinckmeier,Landtagsvizepräsident/in,Landtagsvizepräsident/in,1991-01-11,1995-11-29,be,12
/wiki/Reinhard_F%C3%BChrer-be-12,/wiki/Reinhard_F%C3%BChrer,Landtagsvizepräsident/in,Landtagsvizepräsident/in,1991-01-11,1995-11-29,be,12
/wiki/Herwig_Haase-be-13,/wiki/Herwig_Haase,Landtagspräsident/in,Landtagspräsident/in,1995-11-30,1999-11-17,be,13
/wiki/Marianne_Brinckmeier-be-13,/wiki/Marianne_Brinckmeier,Landtagsvizepräsident/in,Landtagsvizepräsident/in,1995-11-30,1999-11-17,be,13
/wiki/Reinhard_F%C3%BChrer-be-13,/wiki/Reinhard_F%C3%BChrer,Landtagsvizepräsident/in,Landtagsvizepräsident/in,1995-11-30,1999-11-17,be,13
/wiki/Reinhard_F%C3%BChrer-be-14,/wiki/Reinhard_F%C3%BChrer,Landtagspräsident/in,Landtagspräsident/in,1999-11-18,2001-11-28,be,14
/wiki/Walter_Momper-be-14,/wiki/Walter_Momper,Landtagsvizepräsident/in,Landtagsvizepräsident/in,1999-11-18,2001-11-28,be,14
/wiki/Peter_Luther_(Politiker)-be-14,/wiki/Peter_Luther_(Politiker),Landtagsvizepräsident/in,Landtagsvizepräsident/in,1999-11-18,2001-11-28,be,14
/wiki/Walter_Momper-be-15,/wiki/Walter_Momper,Landtagspräsident/in,Landtagspräsident/in,2001-11-29,2006-10-25,be,15
/wiki/Christoph_St%C3%B6lzl-be-15,/wiki/Christoph_St%C3%B6lzl,Landtagsvizepräsident/in,Landtagsvizepräsident/in,2001-11-29,2006-10-25,be,15
/wiki/Martina_Michels-be-15,/wiki/Martina_Michels,Landtagsvizepräsident/in,Landtagsvizepräsident/in,2001-11-29,2006-10-25,be,15
/wiki/Walter_Momper-be-16,/wiki/Walter_Momper,Landtagspräsident/in,Landtagspräsident/in,2006-10-26,2011-10-26,be,16
/wiki/Uwe_Lehmann-Brauns-be-16,/wiki/Uwe_Lehmann-Brauns,Landtagsvizepräsident/in,Landtagsvizepräsident/in,2006-10-26,2011-10-26,be,16
/wiki/Karin_Halsch-be-16,/wiki/Karin_Halsch,Landtagsvizepräsident/in,Landtagsvizepräsident/in,2006-10-26,2011-10-26,be,16
/wiki/Ralf_Wieland-be-17,/wiki/Ralf_Wieland,Landtagspräsident/in,Landtagspräsident/in,2011-10-27,2016-10-26,be,17
/wiki/Andreas_Gram-be-17,/wiki/Andreas_Gram,Landtagsvizepräsident/in,Landtagsvizepräsident/in,2011-10-27,2016-10-26,be,17
/wiki/Anja_Schillhaneck-be-17,/wiki/Anja_Schillhaneck,Landtagsvizepräsident/in,Landtagsvizepräsident/in,2011-10-27,2016-10-26,be,17
/wiki/Ralf_Wieland-be-18,/wiki/Ralf_Wieland,Landtagspräsident/in,Landtagspräsident/in,2016-10-27,2021-11-03,be,18
/wiki/Cornelia_Seibeld-be-18,/wiki/Cornelia_Seibeld,Landtagsvizepräsident/in,Landtagsvizepräsident/in,2016-10-27,2021-11-03,be,18
/wiki/Henner_Schmidt-be-18,/wiki/Henner_Schmidt,Landtagsvizepräsident/in,Landtagsvizepräsident/in,2016-10-27,2021-11-03,be,18
"/wiki/Erich_Schneider_(Politiker,_1933)-bw-10","/wiki/Erich_Schneider_(Politiker,_1933)",Landtagspräsident/in,Landtagspräsident/in,1988-06-07,1992-06-09,bw,10
/wiki/Alfred_Geisel_(Politiker)-bw-10,/wiki/Alfred_Geisel_(Politiker),Stellvertretende/r Präsident/in,Landtagsvizepräsident/in,1988-06-07,1992-06-09,bw,10
/wiki/Fritz_Hopmeier-bw-10,/wiki/Fritz_Hopmeier,Stellvertretende/r Präsident/in,Landtagsvizepräsident/in,1988-06-07,1992-06-09,bw,10
/wiki/Fritz_Hopmeier-bw-11,/wiki/Fritz_Hopmeier,Landtagspräsident/in,Landtagspräsident/in,1992-06-10,1996-06-10,bw,11
/wiki/Alfred_Geisel_(Politiker)-bw-11,/wiki/Alfred_Geisel_(Politiker),Landtagsvizepräsident/in,Landtagsvizepräsident/in,1992-06-10,1996-06-10,bw,11
/wiki/Peter_Straub_(Politiker)-bw-11,/wiki/Peter_Straub_(Politiker),Landtagsvizepräsident/in,Landtagsvizepräsident/in,1992-06-10,1996-06-10,bw,11
/wiki/Peter_Straub_(Politiker)-bw-12,/wiki/Peter_Straub_(Politiker),Landtagspräsident/in,Landtagspräsident/in,1996-06-11,2001-06-11,bw,12
/wiki/Frieder_Birzele-bw-12,/wiki/Frieder_Birzele,Landtagsvizepräsident/in,Landtagsvizepräsident/in,1996-06-11,2001-06-11,bw,12
/wiki/Gerhard_Weiser-bw-12,/wiki/Gerhard_Weiser,Landtagsvizepräsident/in,Landtagsvizepräsident/in,1996-06-11,2001-06-11,bw,12
/wiki/Peter_Straub_(Politiker)-bw-13,/wiki/Peter_Straub_(Politiker),Landtagspräsident/in,Landtagspräsident/in,2001-06-12,2006-06-12,bw,13
/wiki/Frieder_Birzele-bw-13,/wiki/Frieder_Birzele,Landtagsvizepräsident/in,Landtagsvizepräsident/in,2001-06-12,2006-06-12,bw,13
/wiki/Christa_Vossschulte-bw-13,/wiki/Christa_Vossschulte,Landtagsvizepräsident/in,Landtagsvizepräsident/in,2001-06-12,2006-06-12,bw,13
/wiki/Beate_Fauser-bw-13,/wiki/Beate_Fauser,Landtagsvizepräsident/in,Landtagsvizepräsident/in,2001-06-12,2006-06-12,bw,13
/wiki/Peter_Straub_(Politiker)-bw-14,/wiki/Peter_Straub_(Politiker),Landtagspräsident/in,Landtagspräsident/in,2006-06-13,2011-05-10,bw,14
/wiki/Wolfgang_Drexler-bw-14,/wiki/Wolfgang_Drexler,Landtagsvizepräsident/in,Landtagsvizepräsident/in,2006-06-13,2011-05-10,bw,14
/wiki/Christa_Vossschulte-bw-14,/wiki/Christa_Vossschulte,Landtagsvizepräsident/in,Landtagsvizepräsident/in,2006-06-13,2011-05-10,bw,14
/wiki/Guido_Wolf-bw-15,/wiki/Guido_Wolf,Landtagspräsident/in,Landtagspräsident/in,2011-05-11,2016-05-10,bw,15
/wiki/Brigitte_L%C3%B6sch-bw-15,/wiki/Brigitte_L%C3%B6sch,Landtagsvizepräsident/in,Landtagsvizepräsident/in,2011-05-11,2016-05-10,bw,15
/wiki/Wolfgang_Drexler-bw-15,/wiki/Wolfgang_Drexler,Landtagsvizepräsident/in,Landtagsvizepräsident/in,2011-05-11,2016-05-10,bw,15
/wiki/Muhterem_Aras-bw-16,/wiki/Muhterem_Aras,Landtagspräsident/in,Landtagspräsident/in,2016-05-11,2021-05-10,bw,16
/wiki/Sabine_Kurtz-bw-16,/wiki/Sabine_Kurtz,Landtagsvizepräsident/in,Landtagsvizepräsident/in,2018-04-25,2021-05-10,bw,16
/wiki/Wilfried_Klenk-bw-16,/wiki/Wilfried_Klenk,Landtagsvizepräsident/in,Landtagsvizepräsident/in,2016-05-11,2018-04-24,bw,16
/wiki/Wilhelm_Vorndran-by-12,/wiki/Wilhelm_Vorndran,Landtagspräsident/in,Landtagspräsident/in,1990-10-24,1994-10-19,by,12
/wiki/Siegfried_M%C3%B6slein-by-12,/wiki/Siegfried_M%C3%B6slein,Landtagsvizepräsident/in,Landtagsvizepräsident/in,1990-10-24,1994-10-19,by,12
/wiki/Helmut_Rothemund-by-12,/wiki/Helmut_Rothemund,Landtagsvizepräsident/in,Landtagsvizepräsident/in,1990-10-24,1992-10-05,by,12
/wiki/Karl-Heinz_Hiersemann-by-12,/wiki/Karl-Heinz_Hiersemann,Landtagsvizepräsident/in,Landtagsvizepräsident/in,1992-10-06,1994-10-19,by,12
"/wiki/Johann_B%C3%B6hm_(Politiker,_1937)-by-13","/wiki/Johann_B%C3%B6hm_(Politiker,_1937)",Landtagspräsident/in,Landtagspräsident/in,1994-10-20,1998-09-27,by,13
/wiki/Karl-Heinz_Hiersemann-by-13,/wiki/Karl-Heinz_Hiersemann,Landtagsvizepräsident/in,Landtagsvizepräsident/in,1994-10-20,1998-09-27,by,13
/wiki/Anneliese_Fischer-by-13,/wiki/Anneliese_Fischer,Landtagsvizepräsident/in,Landtagsvizepräsident/in,1994-10-20,1998-09-27,by,13
"/wiki/Johann_B%C3%B6hm_(Politiker,_1937)-by-14","/wiki/Johann_B%C3%B6hm_(Politiker,_1937)",Landtagspräsident/in,Landtagspräsident/in,1998-09-28,2003-10-05,by,14
/wiki/Helmut_Ritzer-by-14,/wiki/Helmut_Ritzer,Landtagsvizepräsident/in,Landtagsvizepräsident/in,1998-09-28,2003-10-05,by,14
/wiki/Roswitha_Riess-by-14,/wiki/Roswitha_Riess,Landtagsvizepräsident/in,Landtagsvizepräsident/in,1998-09-28,2003-10-05,by,14
/wiki/Alois_Gl%C3%BCck-by-15,/wiki/Alois_Gl%C3%BCck,Landtagspräsident/in,Landtagspräsident/in,2003-10-06,2008-10-19,by,15
/wiki/Barbara_Stamm-by-15,/wiki/Barbara_Stamm,Landtagsvizepräsident/in,Landtagsvizepräsident/in,2003-10-06,2008-10-19,by,15
/wiki/Peter_Paul_Gantzer-by-15,/wiki/Peter_Paul_Gantzer,Landtagsvizepräsident/in,Landtagsvizepräsident/in,2003-10-06,2008-10-19,by,15
/wiki/Barbara_Stamm-by-16,/wiki/Barbara_Stamm,Landtagspräsident/in,Landtagspräsident/in,2008-10-20,2013-10-06,by,16
/wiki/Reinhold_Bocklet-by-16,/wiki/Reinhold_Bocklet,Landtagsvizepräsident/in,Landtagsvizepräsident/in,2008-10-20,2013-10-06,by,16
/wiki/Peter_Paul_Gantzer-by-16,/wiki/Peter_Paul_Gantzer,Landtagsvizepräsident/in,Landtagsvizepräsident/in,2008-10-20,2009-12-15,by,16
/wiki/Franz_Maget-by-16,/wiki/Franz_Maget,Landtagsvizepräsident/in,Landtagsvizepräsident/in,2009-12-16,2013-10-06,by,16
"/wiki/Peter_Meyer_(Politiker,_1963)-by-16","/wiki/Peter_Meyer_(Politiker,_1963)",Landtagsvizepräsident/in,Landtagsvizepräsident/in,2008-10-20,2013-10-06,by,16
/wiki/Christine_Stahl-by-16,/wiki/Christine_Stahl,Landtagsvizepräsident/in,Landtagsvizepräsident/in,2008-10-20,2013-10-06,by,16
/wiki/Barbara_Stamm-by-17,/wiki/Barbara_Stamm,Landtagspräsident/in,Landtagspräsident/in,2013-10-07,2018-11-04,by,17
/wiki/Reinhold_Bocklet-by-17,/wiki/Reinhold_Bocklet,Landtagsvizepräsident/in,Landtagsvizepräsident/in,2013-10-07,2018-11-04,by,17
/wiki/Inge_Aures-by-17,/wiki/Inge_Aures,Landtagsvizepräsident/in,Landtagsvizepräsident/in,2013-10-07,2018-11-04,by,17
"/wiki/Peter_Meyer_(Politiker,_1963)-by-17","/wiki/Peter_Meyer_(Politiker,_1963)",Landtagsvizepräsident/in,Landtagsvizepräsident/in,2013-10-07,2018-11-04,by,17
/wiki/Ulrike_Gote-by-17,/wiki/Ulrike_Gote,Landtagsvizepräsident/in,Landtagsvizepräsident/in,2013-10-07,2018-11-04,by,17
/wiki/Dieter_Klink-hb-12,/wiki/Dieter_Klink,Landtagspräsident/in,Landtagspräsident/in,1987-10-14,1991-11-05,hb,12
/wiki/Anneliese_Leinemann-hb-12,/wiki/Anneliese_Leinemann,Landtagsvizepräsident/in,Landtagsvizepräsident/in,1987-10-14,1991-11-05,hb,12
/wiki/Wedige_von_der_Schulenburg_(Politiker)-hb-12,/wiki/Wedige_von_der_Schulenburg_(Politiker),Landtagsvizepräsident/in,Landtagsvizepräsident/in,1987-10-14,1991-11-05,hb,12
/wiki/Dieter_Klink-hb-13,/wiki/Dieter_Klink,Landtagspräsident/in,Landtagspräsident/in,1991-11-06,1995-07-04,hb,13
/wiki/Ulrich_N%C3%B6lle-hb-13,/wiki/Ulrich_N%C3%B6lle,Landtagsvizepräsident/in,Landtagsvizepräsident/in,,,hb,13
/wiki/Christa_Bernbacher-hb-13,/wiki/Christa_Bernbacher,Landtagsvizepräsident/in,Landtagsvizepräsident/in,,,hb,13
/wiki/Reinhard_Metz_(Politiker)-hb-14,/wiki/Reinhard_Metz_(Politiker),Landtagspräsident/in,Landtagspräsident/in,1995-07-05,1999-07-06,hb,14
/wiki/Claus_Dittbrenner-hb-14,/wiki/Claus_Dittbrenner,Landtagsvizepräsident/in,Landtagsvizepräsident/in,1995-07-05,1999-07-06,hb,14
/wiki/Hermann_Kuhn_(Politiker)-hb-14,/wiki/Hermann_Kuhn_(Politiker),Landtagsvizepräsident/in,Landtagsvizepräsident/in,1995-07-05,1999-07-06,hb,14
"/wiki/Christian_Weber_(Politiker,_1946)-hb-15","/wiki/Christian_Weber_(Politiker,_1946)",Landtagspräsident/in,Landtagspräsident/in,1999-07-07,2003-07-02,hb,15
/wiki/Hermann_Kuhn_(Politiker)-hb-15,/wiki/Hermann_Kuhn_(Politiker),Landtagsvizepräsident/in,Landtagsvizepräsident/in,,,hb,15
/wiki/Bernd_Ravens-hb-15,/wiki/Bernd_Ravens,Landtagsvizepräsident/in,Landtagsvizepräsident/in,,,hb,15
"/wiki/Christian_Weber_(Politiker,_1946)-hb-16","/wiki/Christian_Weber_(Politiker,_1946)",Landtagspräsident/in,Landtagspräsident/in,2003-07-03,2007-06-27,hb,16
/wiki/Karin_Mathes-hb-16,/wiki/Karin_Mathes,Landtagsvizepräsident/in,Landtagsvizepräsident/in,,,hb,16
/wiki/Bernd_Ravens-hb-16,/wiki/Bernd_Ravens,Landtagsvizepräsident/in,Landtagsvizepräsident/in,,,hb,16
"/wiki/Christian_Weber_(Politiker,_1946)-hb-17","/wiki/Christian_Weber_(Politiker,_1946)",Landtagspräsident/in,Landtagspräsident/in,2007-06-28,2011-06-28,hb,17
/wiki/Karin_Mathes-hb-17,/wiki/Karin_Mathes,Landtagsvizepräsident/in,Landtagsvizepräsident/in,,,hb,17
/wiki/Bernd_Ravens-hb-17,/wiki/Bernd_Ravens,Landtagsvizepräsident/in,Landtagsvizepräsident/in,,,hb,17
"/wiki/Christian_Weber_(Politiker,_1946)-hb-18","/wiki/Christian_Weber_(Politiker,_1946)",Landtagspräsident/in,Landtagspräsident/in,2011-06-29,2015-06-30,hb,18
/wiki/Bernd_Ravens-hb-18,/wiki/Bernd_Ravens,Landtagsvizepräsident/in,Landtagsvizepräsident/in,2011-06-29,2015-06-30,hb,18
/wiki/Silvia_Sch%C3%B6n-hb-18,/wiki/Silvia_Sch%C3%B6n,Landtagsvizepräsident/in,Landtagsvizepräsident/in,2011-06-29,2015-06-30,hb,18
/wiki/Antje_Grotheer-hb-19,/wiki/Antje_Grotheer,Landtagspräsident/in,Landtagspräsident/in,2015-07-01,2019-07-02,hb,19
/wiki/S%C3%BClmez_Dogan-hb-19,/wiki/S%C3%BClmez_Dogan,Landtagsvizepräsident/in,Landtagsvizepräsident/in,2015-07-01,2019-07-02,hb,19
/wiki/Frank_Imhoff-hb-19,/wiki/Frank_Imhoff,Landtagsvizepräsident/in,Landtagsvizepräsident/in,2015-07-01,2019-07-02,hb,19
"/wiki/Christian_Weber_(Politiker,_1946)-hb-19","/wiki/Christian_Weber_(Politiker,_1946)",Landtagsvizepräsident/in,Landtagsvizepräsident/in,2015-07-01,2019-02-12,hb,19
/wiki/Jochen_Lengemann-he-12,/wiki/Jochen_Lengemann,Landtagspräsident/in,Landtagspräsident/in,1987-04-23,1988-07-22,he,12
"/wiki/Klaus_Peter_M%C3%B6ller_(Politiker,_1937)-he-12","/wiki/Klaus_Peter_M%C3%B6ller_(Politiker,_1937)",Landtagspräsident/in,Landtagspräsident/in,1988-07-28,1991-04-04,he,12
/wiki/Herbert_G%C3%BCnther_(Politiker)-he-12,/wiki/Herbert_G%C3%BCnther_(Politiker),Landtagsvizepräsident/in,Landtagsvizepräsident/in,1987-04-23,1991-04-04,he,12
/wiki/Ruth_Wagner-he-12,/wiki/Ruth_Wagner,Landtagsvizepräsident/in,Landtagsvizepräsident/in,1987-04-23,1991-04-04,he,12
/wiki/Georg_Sturmowski-he-12,/wiki/Georg_Sturmowski,Landtagsvizepräsident/in,Landtagsvizepräsident/in,1987-04-23,1991-04-04,he,12
/wiki/Erwin_Lang_(Politiker)-he-12,/wiki/Erwin_Lang_(Politiker),Landtagsvizepräsident/in,Landtagsvizepräsident/in,1987-04-23,1988-07-19,he,12
/wiki/Armin_Clauss-he-12,/wiki/Armin_Clauss,Landtagsvizepräsident/in,Landtagsvizepräsident/in,1988-07-28,1991-04-04,he,12
/wiki/Karl_Starzacher_(Politiker)-he-13,/wiki/Karl_Starzacher_(Politiker),Landtagspräsident/in,Landtagspräsident/in,1991-04-05,1995-04-04,he,13
"/wiki/Klaus_Peter_M%C3%B6ller_(Politiker,_1937)-he-13","/wiki/Klaus_Peter_M%C3%B6ller_(Politiker,_1937)",Landtagsvizepräsident/in,Landtagsvizepräsident/in,1991-04-05,1995-04-04,he,13
/wiki/Evelin_Sch%C3%B6nhut-Keil-he-13,/wiki/Evelin_Sch%C3%B6nhut-Keil,Landtagsvizepräsident/in,Landtagsvizepräsident/in,1991-04-05,1995-04-04,he,13
/wiki/Dirk_Pfeil-he-13,/wiki/Dirk_Pfeil,Landtagsvizepräsident/in,Landtagsvizepräsident/in,1991-04-05,1995-04-04,he,13
/wiki/Erika_Wagner_(Politikerin)-he-13,/wiki/Erika_Wagner_(Politikerin),Landtagsvizepräsident/in,Landtagsvizepräsident/in,1991-04-05,1995-04-04,he,13
/wiki/Hartmut_Nassauer-he-13,/wiki/Hartmut_Nassauer,Landtagsvizepräsident/in,Landtagsvizepräsident/in,1991-04-05,1994-07-13,he,13
/wiki/Hermann_Schoppe-he-13,/wiki/Hermann_Schoppe,Landtagspräsident/in,Landtagspräsident/in,1994-07-14,1995-04-04,he,13
"/wiki/Klaus_Peter_M%C3%B6ller_(Politiker,_1937)-he-14","/wiki/Klaus_Peter_M%C3%B6ller_(Politiker,_1937)",Landtagspräsident/in,Landtagspräsident/in,1995-04-05,1999-04-06,he,14
/wiki/Veronika_Winterstein-he-14,/wiki/Veronika_Winterstein,Landtagsvizepräsident/in,Landtagsvizepräsident/in,1995-04-05,1999-04-06,he,14
"/wiki/Karin_Schmidt_(Politikerin,_1939)-he-14","/wiki/Karin_Schmidt_(Politikerin,_1939)",Mitglied des Präsidiums,Andere Position,1995-04-05,1997-11-30,he,14
/wiki/Bernd_Schleicher-he-14,/wiki/Bernd_Schleicher,Mitglied des Präsidiums,Andere Position,1995-04-05,1999-04-06,he,14
/wiki/Kurt_Weidmann-he-14,/wiki/Kurt_Weidmann,Mitglied des Präsidiums,Andere Position,1995-04-05,1999-04-06,he,14
/wiki/Priska_Hinz-he-14,/wiki/Priska_Hinz,Mitglied des Präsidiums,Andere Position,1995-04-05,1998-03-31,he,14
/wiki/Dieter_Posch-he-14,/wiki/Dieter_Posch,Mitglied des Präsidiums,Andere Position,1995-04-05,1999-04-06,he,14
"/wiki/Klaus_Peter_M%C3%B6ller_(Politiker,_1937)-he-15","/wiki/Klaus_Peter_M%C3%B6ller_(Politiker,_1937)",Landtagspräsident/in,Landtagspräsident/in,1999-04-07,2003-04-04,he,15
/wiki/Veronika_Winterstein-he-15,/wiki/Veronika_Winterstein,Landtagsvizepräsident/in,Landtagsvizepräsident/in,1999-04-07,2003-04-04,he,15
/wiki/Martina_Leistenschneider-he-15,/wiki/Martina_Leistenschneider,Mitglied des Präsidiums,Andere Position,1999-04-07,2003-04-04,he,15
/wiki/Brigitte_K%C3%B6lsch-he-15,/wiki/Brigitte_K%C3%B6lsch,Mitglied des Präsidiums,Andere Position,1999-04-07,2003-04-04,he,15
/wiki/Manfred_Schaub-he-15,/wiki/Manfred_Schaub,Mitglied des Präsidiums,Andere Position,1999-04-07,2003-04-04,he,15
/wiki/Tarek_Al-Wazir-he-15,/wiki/Tarek_Al-Wazir,Mitglied des Präsidiums,Andere Position,1999-04-07,2003-04-04,he,15
/wiki/J%C3%B6rg-Uwe_Hahn-he-15,/wiki/J%C3%B6rg-Uwe_Hahn,Mitglied des Präsidiums,Andere Position,1999-04-07,2003-04-04,he,15
/wiki/Norbert_Kartmann-he-16,/wiki/Norbert_Kartmann,Landtagspräsident/in,Landtagspräsident/in,2003-04-05,2008-04-04,he,16
/wiki/Lothar_Quanz-he-16,/wiki/Lothar_Quanz,Landtagsvizepräsident/in,Landtagsvizepräsident/in,2003-04-05,2008-04-04,he,16
/wiki/Frank_Lortz-he-16,/wiki/Frank_Lortz,Landtagsvizepräsident/in,Landtagsvizepräsident/in,2003-04-05,2008-04-04,he,16
/wiki/Evelin_Sch%C3%B6nhut-Keil-he-16,/wiki/Evelin_Sch%C3%B6nhut-Keil,Landtagsvizepräsident/in,Landtagsvizepräsident/in,2003-04-05,2005-08-31,he,16
/wiki/Sarah_Sorge-he-16,/wiki/Sarah_Sorge,Landtagsvizepräsident/in,Landtagsvizepräsident/in,2005-10-11,2008-04-04,he,16
/wiki/Ruth_Wagner-he-16,/wiki/Ruth_Wagner,Landtagsvizepräsident/in,Landtagsvizepräsident/in,2003-04-05,2008-04-04,he,16
/wiki/Norbert_Kartmann-he-17,/wiki/Norbert_Kartmann,Landtagspräsident/in,Landtagspräsident/in,2008-04-05,2009-02-04,he,17
/wiki/Lothar_Quanz-he-17,/wiki/Lothar_Quanz,Landtagsvizepräsident/in,Landtagsvizepräsident/in,2008-04-05,2009-02-04,he,17
/wiki/Dieter_Posch-he-17,/wiki/Dieter_Posch,Landtagsvizepräsident/in,Landtagsvizepräsident/in,2008-04-05,2009-02-04,he,17
/wiki/Sarah_Sorge-he-17,/wiki/Sarah_Sorge,Landtagsvizepräsident/in,Landtagsvizepräsident/in,2008-04-05,2009-02-04,he,17
/wiki/Hermann_Schaus-he-17,/wiki/Hermann_Schaus,Landtagsvizepräsident/in,Landtagsvizepräsident/in,2008-04-05,2009-02-04,he,17
/wiki/Norbert_Kartmann-he-18,/wiki/Norbert_Kartmann,Landtagspräsident/in,Landtagspräsident/in,2009-02-05,2014-01-17,he,18
/wiki/Frank_Lortz-he-18,/wiki/Frank_Lortz,Landtagsvizepräsident/in,Landtagsvizepräsident/in,2009-02-05,2014-01-17,he,18
/wiki/Lothar_Quanz-he-18,/wiki/Lothar_Quanz,Landtagsvizepräsident/in,Landtagsvizepräsident/in,2009-02-05,2014-01-17,he,18
/wiki/Heinrich_Heidel-he-18,/wiki/Heinrich_Heidel,Landtagsvizepräsident/in,Landtagsvizepräsident/in,2009-02-05,2014-01-17,he,18
/wiki/Ursula_Hammann-he-18,/wiki/Ursula_Hammann,Landtagsvizepräsident/in,Landtagsvizepräsident/in,2009-02-05,2014-01-17,he,18
/wiki/Horst_Klee_(Politiker)-he-18,/wiki/Horst_Klee_(Politiker),Mitglied des Präsidiums,Andere Position,2009-02-05,2014-01-17,he,18
/wiki/Judith_Lannert-he-18,/wiki/Judith_Lannert,Mitglied des Präsidiums,Andere Position,2009-02-05,2014-01-17,he,18
/wiki/G%C3%BCnter_Rudolph_(Politiker)-he-18,/wiki/G%C3%BCnter_Rudolph_(Politiker),Mitglied des Präsidiums,Andere Position,2009-02-05,2014-01-17,he,18
/wiki/Florian_Rentsch-he-18,/wiki/Florian_Rentsch,Mitglied des Präsidiums,Andere Position,2009-02-05,2014-01-17,he,18
/wiki/Norbert_Kartmann-he-19,/wiki/Norbert_Kartmann,Landtagspräsident/in,Landtagspräsident/in,,,he,19
/wiki/Frank_Lortz-he-19,/wiki/Frank_Lortz,Landtagsvizepräsident/in,Landtagsvizepräsident/in,,,he,19
/wiki/Heike_Habermann-he-19,/wiki/Heike_Habermann,Landtagsvizepräsident/in,Landtagsvizepräsident/in,,,he,19
/wiki/Ursula_Hammann-he-19,/wiki/Ursula_Hammann,Landtagsvizepräsident/in,Landtagsvizepräsident/in,,,he,19
/wiki/Ulrich_Wilken-he-19,/wiki/Ulrich_Wilken,Landtagsvizepräsident/in,Landtagsvizepräsident/in,,,he,19
/wiki/Wolfgang_Greilich-he-19,/wiki/Wolfgang_Greilich,Landtagsvizepräsident/in,Landtagsvizepräsident/in,,,he,19
/wiki/Elisabeth_Kiausch-hh-14,/wiki/Elisabeth_Kiausch,Landtagspräsident/in,Landtagspräsident/in,,,hh,14
/wiki/Klaus_Lattmann-hh-14,/wiki/Klaus_Lattmann,Landtagsvizepräsident/in,Landtagsvizepräsident/in,,,hh,14
/wiki/Hans-Joachim_Meissner-hh-14,/wiki/Hans-Joachim_Meissner,Landtagsvizepräsident/in,Landtagsvizepräsident/in,,,hh,14
/wiki/Ute_Pape-hh-15,/wiki/Ute_Pape,Landtagspräsident/in,Landtagspräsident/in,,,hh,15
/wiki/Rolf_Kruse_(Politiker)-hh-15,/wiki/Rolf_Kruse_(Politiker),Landtagsvizepräsident/in,Landtagsvizepräsident/in,,,hh,15
/wiki/Ulla_Bussek-hh-15,/wiki/Ulla_Bussek,Landtagsvizepräsident/in,Landtagsvizepräsident/in,,,hh,15
/wiki/Dorothee_Stapelfeldt-hh-16,/wiki/Dorothee_Stapelfeldt,Landtagspräsident/in,Landtagspräsident/in,,,hh,16
/wiki/Berndt_R%C3%B6der-hh-16,/wiki/Berndt_R%C3%B6der,Erste/r Vizepräsident/in,Landtagsvizepräsident/in,,,hh,16
/wiki/Sonja_Deuter-hh-16,/wiki/Sonja_Deuter,Zweite/r Vizepräsident/in,Landtagsvizepräsident/in,,,hh,16
/wiki/Dorothee_Stapelfeldt-hh-17,/wiki/Dorothee_Stapelfeldt,Landtagspräsident/in,Landtagspräsident/in,,,hh,17
/wiki/Berndt_R%C3%B6der-hh-17,/wiki/Berndt_R%C3%B6der,Erste/r Vizepräsident/in,Landtagsvizepräsident/in,,,hh,17
/wiki/Peter-Paul_M%C3%BCller-hh-17,/wiki/Peter-Paul_M%C3%BCller,Landtagsvizepräsident/in,Landtagsvizepräsident/in,,,hh,17
/wiki/Farid_M%C3%BCller-hh-17,/wiki/Farid_M%C3%BCller,Landtagsvizepräsident/in,Landtagsvizepräsident/in,,,hh,17
/wiki/Rose_Pauly_(Politikerin)-hh-17,/wiki/Rose_Pauly_(Politikerin),Landtagsvizepräsident/in,Landtagsvizepräsident/in,,,hh,17
/wiki/Bettina_Bliebenich-hh-17,/wiki/Bettina_Bliebenich,Schriftführer/in,Andere Position,,,hh,17
/wiki/Karin_Rogalski-Beeck-hh-17,/wiki/Karin_Rogalski-Beeck,Schriftführer/in,Andere Position,,,hh,17
/wiki/Berndt_R%C3%B6der-hh-18,/wiki/Berndt_R%C3%B6der,Landtagspräsident/in,Landtagspräsident/in,,,hh,18
/wiki/Barbara_Duden_(Politikerin)-hh-18,/wiki/Barbara_Duden_(Politikerin),Erste/r Vizepräsident/in,Landtagsvizepräsident/in,,,hh,18
/wiki/Verena_Lappe-hh-18,/wiki/Verena_Lappe,Landtagsvizepräsident/in,Landtagsvizepräsident/in,,,hh,18
/wiki/Bettina_Bliebenich-hh-18,/wiki/Bettina_Bliebenich,Landtagsvizepräsident/in,Landtagsvizepräsident/in,,,hh,18
/wiki/Berndt_R%C3%B6der-hh-19,/wiki/Berndt_R%C3%B6der,Landtagspräsident/in,Landtagspräsident/in,,,hh,19
/wiki/Barbara_Duden_(Politikerin)-hh-19,/wiki/Barbara_Duden_(Politikerin),Erste/r Vizepräsident/in,Landtagsvizepräsident/in,,,hh,19
/wiki/Wolfhard_Ploog-hh-19,/wiki/Wolfhard_Ploog,Landtagsvizepräsident/in,Landtagsvizepräsident/in,,,hh,19
/wiki/Nebahat_G%C3%BC%C3%A7l%C3%BC-hh-19,/wiki/Nebahat_G%C3%BC%C3%A7l%C3%BC,Landtagsvizepräsident/in,Landtagsvizepräsident/in,,,hh,19
/wiki/Wolfgang_Joithe-von_Krosigk-hh-19,/wiki/Wolfgang_Joithe-von_Krosigk,Landtagsvizepräsident/in,Landtagsvizepräsident/in,,,hh,19
/wiki/Dorothee_Stapelfeldt-hh-20,/wiki/Dorothee_Stapelfeldt,Landtagspräsident/in,Landtagspräsident/in,2011-03-07,2011-03-23,hh,20
/wiki/Carola_Veit-hh-20,/wiki/Carola_Veit,Landtagspräsident/in,Landtagspräsident/in,2011-03-23,2015-03-01,hh,20
/wiki/Kersten_Artus-hh-20,/wiki/Kersten_Artus,Landtagsvizepräsident/in,Landtagsvizepräsident/in,2011-03-23,2015-03-01,hh,20
/wiki/Barbara_Duden_(Politikerin)-hh-20,/wiki/Barbara_Duden_(Politikerin),Landtagsvizepräsident/in,Landtagsvizepräsident/in,2011-03-23,2015-03-01,hh,20
/wiki/Eva_G%C3%BCmbel-hh-20,/wiki/Eva_G%C3%BCmbel,Landtagsvizepräsident/in,Landtagsvizepräsident/in,2011-03-07,2015-03-01,hh,20
/wiki/Wieland_Schinnenburg-hh-20,/wiki/Wieland_Schinnenburg,Landtagsvizepräsident/in,Landtagsvizepräsident/in,2011-03-07,2015-03-01,hh,20
/wiki/Frank_Schira-hh-20,/wiki/Frank_Schira,Landtagsvizepräsident/in,Landtagsvizepräsident/in,2011-03-07,2015-03-01,hh,20
/wiki/Carola_Veit-hh-21,/wiki/Carola_Veit,Landtagspräsident/in,Landtagspräsident/in,2015-03-02,2020-03-17,hh,21
/wiki/Barbara_Duden_(Politikerin)-hh-21,/wiki/Barbara_Duden_(Politikerin),Landtagsvizepräsident/in,Landtagsvizepräsident/in,2015-03-02,2020-03-17,hh,21
/wiki/Kurt_Duwe-hh-21,/wiki/Kurt_Duwe,Landtagsvizepräsident/in,Landtagsvizepräsident/in,2015-03-02,2020-03-17,hh,21
/wiki/Detlef_Ehlebracht-hh-21,/wiki/Detlef_Ehlebracht,Landtagsvizepräsident/in,Landtagsvizepräsident/in,2015-03-02,2020-03-17,hh,21
/wiki/Antje_M%C3%B6ller-hh-21,/wiki/Antje_M%C3%B6ller,Landtagsvizepräsident/in,Landtagsvizepräsident/in,2015-03-02,2020-03-17,hh,21
/wiki/Christiane_Schneider-hh-21,/wiki/Christiane_Schneider,Landtagsvizepräsident/in,Landtagsvizepräsident/in,2015-03-02,2020-03-17,hh,21
/wiki/Dietrich_Wersich-hh-21,/wiki/Dietrich_Wersich,Landtagsvizepräsident/in,Landtagsvizepräsident/in,2015-03-02,2020-03-17,hh,21
/wiki/Rainer_Prachtl-mv-1,/wiki/Rainer_Prachtl,Landtagspräsident/in,Landtagspräsident/in,1990-10-26,1994-11-14,mv,1
/wiki/Rolf_Eggert-mv-1,/wiki/Rolf_Eggert,Landtagsvizepräsident/in,Landtagsvizepräsident/in,1990-10-26,1994-11-14,mv,1
/wiki/Stefanie_Wolf-mv-1,/wiki/Stefanie_Wolf,Landtagsvizepräsident/in,Landtagsvizepräsident/in,1990-10-26,1994-11-14,mv,1
/wiki/Rainer_Prachtl-mv-2,/wiki/Rainer_Prachtl,Landtagspräsident/in,Landtagspräsident/in,1994-11-15,1998-10-25,mv,2
/wiki/Manfred_Rissmann-mv-2,/wiki/Manfred_Rissmann,Landtagsvizepräsident/in,Landtagsvizepräsident/in,1994-11-15,1998-10-25,mv,2
/wiki/Johann_Scheringer-mv-2,/wiki/Johann_Scheringer,Landtagsvizepräsident/in,Landtagsvizepräsident/in,1994-11-15,1998-10-25,mv,2
/wiki/Hinrich_Kuessner-mv-3,/wiki/Hinrich_Kuessner,Landtagspräsident/in,Landtagspräsident/in,1998-10-26,2002-10-21,mv,3
/wiki/Renate_Holznagel-mv-3,/wiki/Renate_Holznagel,Landtagsvizepräsident/in,Landtagsvizepräsident/in,1998-10-26,2002-10-21,mv,3
/wiki/Gabriele_M%C4%9B%C5%A1%C5%A5an-mv-3,/wiki/Gabriele_M%C4%9B%C5%A1%C5%A5an,Landtagsvizepräsident/in,Landtagsvizepräsident/in,1998-10-26,1999-01-12,mv,3
/wiki/Kerstin_Kassner-mv-3,/wiki/Kerstin_Kassner,Landtagsvizepräsident/in,Landtagsvizepräsident/in,1999-09-15,2001-11-13,mv,3
/wiki/Sylvia_Bretschneider-mv-4,/wiki/Sylvia_Bretschneider,Landtagspräsident/in,Landtagspräsident/in,2002-10-22,2006-10-15,mv,4
/wiki/Renate_Holznagel-mv-4,/wiki/Renate_Holznagel,Landtagsvizepräsident/in,Landtagsvizepräsident/in,2002-10-22,2006-10-15,mv,4
/wiki/Andreas_Bluhm_(Politiker)-mv-4,/wiki/Andreas_Bluhm_(Politiker),Landtagsvizepräsident/in,Landtagsvizepräsident/in,2002-10-22,2006-10-15,mv,4
/wiki/Sylvia_Bretschneider-mv-5,/wiki/Sylvia_Bretschneider,Landtagspräsident/in,Landtagspräsident/in,2006-10-16,2011-10-03,mv,5
/wiki/Renate_Holznagel-mv-5,/wiki/Renate_Holznagel,Landtagsvizepräsident/in,Landtagsvizepräsident/in,2006-10-16,2011-10-03,mv,5
/wiki/Andreas_Bluhm_(Politiker)-mv-5,/wiki/Andreas_Bluhm_(Politiker),Landtagsvizepräsident/in,Landtagsvizepräsident/in,2006-10-16,2011-10-03,mv,5
/wiki/Hans_Kreher-mv-5,/wiki/Hans_Kreher,Landtagsvizepräsident/in,Landtagsvizepräsident/in,2006-10-16,2011-10-03,mv,5
/wiki/Sylvia_Bretschneider-mv-6,/wiki/Sylvia_Bretschneider,Landtagspräsident/in,Landtagspräsident/in,2011-10-04,2016-10-03,mv,6
/wiki/Beate_Schlupp-mv-6,/wiki/Beate_Schlupp,Landtagsvizepräsident/in,Landtagsvizepräsident/in,2011-10-04,2016-10-03,mv,6
/wiki/Regine_L%C3%BCck-mv-6,/wiki/Regine_L%C3%BCck,Landtagsvizepräsident/in,Landtagsvizepräsident/in,2011-10-04,2016-10-03,mv,6
/wiki/Silke_Gajek-mv-6,/wiki/Silke_Gajek,Landtagsvizepräsident/in,Landtagsvizepräsident/in,2011-10-04,2016-10-03,mv,6
/wiki/Sylvia_Bretschneider-mv-7,/wiki/Sylvia_Bretschneider,Landtagspräsident/in,Landtagspräsident/in,2016-10-04,2019-04-28,mv,7
/wiki/Birgit_Hesse-mv-7,/wiki/Birgit_Hesse,Landtagspräsident/in,Landtagspräsident/in,2019-05-22,2021-10-25,mv,7
/wiki/Beate_Schlupp-mv-7,/wiki/Beate_Schlupp,Landtagsvizepräsident/in,Landtagsvizepräsident/in,2016-10-04,2021-10-25,mv,7
/wiki/Mignon_Schwenke-mv-7,/wiki/Mignon_Schwenke,Landtagsvizepräsident/in,Landtagsvizepräsident/in,2016-10-04,2021-10-25,mv,7
/wiki/Horst_Milde_(Politiker)-ni-12,/wiki/Horst_Milde_(Politiker),Landtagspräsident/in,Landtagspräsident/in,,,ni,12
/wiki/Edzard_Blanke-ni-12,/wiki/Edzard_Blanke,Landtagsvizepräsident/in,Landtagsvizepräsident/in,,,ni,12
/wiki/Edda_Goede-ni-12,/wiki/Edda_Goede,Landtagsvizepräsident/in,Landtagsvizepräsident/in,,,ni,12
/wiki/Walter_Remmers-ni-12,/wiki/Walter_Remmers,Landtagsvizepräsident/in,Landtagsvizepräsident/in,,,ni,12
/wiki/Doris_Herrmann-ni-12,/wiki/Doris_Herrmann,Landtagsvizepräsident/in,Landtagsvizepräsident/in,,,ni,12
/wiki/Kurt_Rehkopf-ni-12,/wiki/Kurt_Rehkopf,Landtagsvizepräsident/in,Landtagsvizepräsident/in,,,ni,12
/wiki/Horst_Milde_(Politiker)-ni-13,/wiki/Horst_Milde_(Politiker),Landtagspräsident/in,Landtagspräsident/in,1994-06-23,1998-03-29,ni,13
/wiki/Irmela_Hammelstein-ni-13,/wiki/Irmela_Hammelstein,Landtagsvizepräsident/in,Landtagsvizepräsident/in,1994-06-23,1995-05-24,ni,13
/wiki/Edda_Goede-ni-13,/wiki/Edda_Goede,Landtagsvizepräsident/in,Landtagsvizepräsident/in,1994-06-23,1998-03-29,ni,13
/wiki/J%C3%BCrgen_Gans%C3%A4uer-ni-13,/wiki/J%C3%BCrgen_Gans%C3%A4uer,Landtagsvizepräsident/in,Landtagsvizepräsident/in,1994-06-23,1998-03-29,ni,13
/wiki/Ernst-Henning_Jahn-ni-13,/wiki/Ernst-Henning_Jahn,Landtagsvizepräsident/in,Landtagsvizepräsident/in,1994-06-23,1998-03-29,ni,13
/wiki/Erwin_Jordan-ni-13,/wiki/Erwin_Jordan,Landtagsvizepräsident/in,Landtagsvizepräsident/in,1994-06-23,1996-06-11,ni,13
/wiki/Brigitte_Litfin-ni-13,/wiki/Brigitte_Litfin,Landtagsvizepräsident/in,Landtagsvizepräsident/in,1996-06-19,1998-03-29,ni,13
/wiki/Rolf_Wernstedt-ni-14,/wiki/Rolf_Wernstedt,Landtagspräsident/in,Landtagspräsident/in,1998-03-30,2003-03-03,ni,14
/wiki/Edda_Goede-ni-14,/wiki/Edda_Goede,Landtagsvizepräsident/in,Landtagsvizepräsident/in,1998-03-30,2003-03-03,ni,14
/wiki/J%C3%BCrgen_Gans%C3%A4uer-ni-14,/wiki/J%C3%BCrgen_Gans%C3%A4uer,Landtagsvizepräsident/in,Landtagsvizepräsident/in,1998-03-30,2003-03-03,ni,14
/wiki/Ernst-Henning_Jahn-ni-14,/wiki/Ernst-Henning_Jahn,Landtagsvizepräsident/in,Landtagsvizepräsident/in,1998-03-30,2003-03-03,ni,14
/wiki/Brigitte_Litfin-ni-14,/wiki/Brigitte_Litfin,Landtagsvizepräsident/in,Landtagsvizepräsident/in,1998-03-30,2003-03-03,ni,14
/wiki/J%C3%BCrgen_Gans%C3%A4uer-ni-15,/wiki/J%C3%BCrgen_Gans%C3%A4uer,Landtagspräsident/in,Landtagspräsident/in,2003-03-04,2008-02-25,ni,15
/wiki/Astrid_Vockert-ni-15,/wiki/Astrid_Vockert,Landtagsvizepräsident/in,Landtagsvizepräsident/in,2003-03-04,2008-02-25,ni,15
"/wiki/Ulrich_Biel_(Politiker,_1947)-ni-15","/wiki/Ulrich_Biel_(Politiker,_1947)",Landtagsvizepräsident/in,Landtagsvizepräsident/in,2003-03-04,2008-02-25,ni,15
/wiki/Silva_Seeler-ni-15,/wiki/Silva_Seeler,Landtagsvizepräsident/in,Landtagsvizepräsident/in,2003-03-04,2008-02-25,ni,15
/wiki/Ulrike_Kuhlo-ni-15,/wiki/Ulrike_Kuhlo,Landtagsvizepräsident/in,Landtagsvizepräsident/in,2003-03-04,2008-02-25,ni,15
/wiki/Hermann_Dinkla-ni-16,/wiki/Hermann_Dinkla,Landtagspräsident/in,Landtagspräsident/in,2008-02-26,2013-02-18,ni,16
/wiki/Astrid_Vockert-ni-16,/wiki/Astrid_Vockert,Landtagsvizepräsident/in,Landtagsvizepräsident/in,2008-02-26,2013-02-18,ni,16
/wiki/Dieter_M%C3%B6hrmann-ni-16,/wiki/Dieter_M%C3%B6hrmann,Landtagsvizepräsident/in,Landtagsvizepräsident/in,2008-02-26,2013-02-18,ni,16
/wiki/Klaus-Peter_Bachmann-ni-16,/wiki/Klaus-Peter_Bachmann,Landtagsvizepräsident/in,Landtagsvizepräsident/in,2008-02-26,2013-02-18,ni,16
/wiki/Bernd_Busemann-ni-17,/wiki/Bernd_Busemann,Landtagspräsident/in,Landtagspräsident/in,2013-02-19,2017-11-13,ni,17
/wiki/Karl-Heinz_Klare-ni-17,/wiki/Karl-Heinz_Klare,Landtagsvizepräsident/in,Landtagsvizepräsident/in,2013-02-19,2017-11-13,ni,17
/wiki/Gabriele_Andretta-ni-17,/wiki/Gabriele_Andretta,Landtagsvizepräsident/in,Landtagsvizepräsident/in,2013-02-19,2017-11-13,ni,17
/wiki/Klaus-Peter_Bachmann-ni-17,/wiki/Klaus-Peter_Bachmann,Landtagsvizepräsident/in,Landtagsvizepräsident/in,2013-02-19,2017-11-13,ni,17
Gabriele Andretta-ni-18,Gabriele Andretta,Landtagspräsident/in,Landtagspräsident/in,2017-11-14,2021-11-11,ni,18
/wiki/Bernd_Busemann-ni-18,/wiki/Bernd_Busemann,Landtagsvizepräsident/in,Landtagsvizepräsident/in,2017-11-22,2021-11-11,ni,18
Petra Emmerich-Kopatsch-ni-18,Petra Emmerich-Kopatsch,Landtagsvizepräsident/in,Landtagsvizepräsident/in,2017-11-22,2017-11-09,ni,18
/wiki/Matthias_M%C3%B6hle-ni-18,/wiki/Matthias_M%C3%B6hle,Landtagsvizepräsident/in,Landtagsvizepräsident/in,2021-11-09,2021-11-11,ni,18
/wiki/Meta_Janssen-Kucz-ni-18,/wiki/Meta_Janssen-Kucz,Landtagsvizepräsident/in,Landtagsvizepräsident/in,2017-11-22,2021-11-11,ni,18
/wiki/Frank_Oesterhelweg-ni-18,/wiki/Frank_Oesterhelweg,Landtagsvizepräsident/in,Landtagsvizepräsident/in,2017-11-22,2021-11-11,ni,18
/wiki/Ingeborg_Friebe-nw-11,/wiki/Ingeborg_Friebe,Landtagspräsident/in,Landtagspräsident/in,1990-05-31,1995-05-31,nw,11
"/wiki/Hans-Ulrich_Klose_(Politiker,_1935)-nw-11","/wiki/Hans-Ulrich_Klose_(Politiker,_1935)",Landtagsvizepräsident/in,Landtagsvizepräsident/in,1990-05-31,1995-05-31,nw,11
/wiki/Ulrich_Schmidt_(Politiker)-nw-11,/wiki/Ulrich_Schmidt_(Politiker),Landtagsvizepräsident/in,Landtagsvizepräsident/in,1990-05-31,1995-05-31,nw,11
/wiki/Ulrich_Schmidt_(Politiker)-nw-12,/wiki/Ulrich_Schmidt_(Politiker),Landtagspräsident/in,Landtagspräsident/in,1995-06-01,2000-06-01,nw,12
"/wiki/Hans-Ulrich_Klose_(Politiker,_1935)-nw-12","/wiki/Hans-Ulrich_Klose_(Politiker,_1935)",Landtagsvizepräsident/in,Landtagsvizepräsident/in,1995-06-01,2000-06-01,nw,12
/wiki/Katrin_Gr%C3%BCber-nw-12,/wiki/Katrin_Gr%C3%BCber,Landtagsvizepräsident/in,Landtagsvizepräsident/in,1995-06-01,2000-06-01,nw,12
/wiki/Ulrich_Schmidt_(Politiker)-nw-13,/wiki/Ulrich_Schmidt_(Politiker),Landtagspräsident/in,Landtagspräsident/in,2000-06-02,2005-06-07,nw,13
/wiki/Helmut_Linssen-nw-13,/wiki/Helmut_Linssen,Landtagsvizepräsident/in,Landtagsvizepräsident/in,2000-12-06,2005-06-07,nw,13
/wiki/Laurenz_Meyer-nw-13,/wiki/Laurenz_Meyer,Landtagsvizepräsident/in,Landtagsvizepräsident/in,2000-06-02,2000-12-06,nw,13
/wiki/Jan_S%C3%B6ffing-nw-13,/wiki/Jan_S%C3%B6ffing,Landtagsvizepräsident/in,Landtagsvizepräsident/in,2000-06-02,2005-06-07,nw,13
/wiki/Edith_M%C3%BCller_(Politikerin)-nw-13,/wiki/Edith_M%C3%BCller_(Politikerin),Landtagsvizepräsident/in,Landtagsvizepräsident/in,2000-06-02,2005-06-07,nw,13
/wiki/Regina_van_Dinther-nw-14,/wiki/Regina_van_Dinther,Landtagspräsident/in,Landtagspräsident/in,2005-06-08,2010-06-08,nw,14
/wiki/Edgar_Moron-nw-14,/wiki/Edgar_Moron,Landtagsvizepräsident/in,Landtagsvizepräsident/in,2005-06-08,2010-06-08,nw,14
/wiki/Michael_Vesper-nw-14,/wiki/Michael_Vesper,Landtagsvizepräsident/in,Landtagsvizepräsident/in,2005-06-08,2006-09-30,nw,14
/wiki/Oliver_Keymis-nw-14,/wiki/Oliver_Keymis,Landtagsvizepräsident/in,Landtagsvizepräsident/in,2006-10-25,2010-06-08,nw,14
/wiki/Angela_Freimuth-nw-14,/wiki/Angela_Freimuth,Landtagsvizepräsident/in,Landtagsvizepräsident/in,2005-06-08,2010-06-08,nw,14
/wiki/Eckhard_Uhlenberg-nw-15,/wiki/Eckhard_Uhlenberg,Landtagspräsident/in,Landtagspräsident/in,2010-06-09,2012-05-30,nw,15
/wiki/Carina_G%C3%B6decke-nw-15,/wiki/Carina_G%C3%B6decke,Landtagsvizepräsident/in,Landtagsvizepräsident/in,2010-06-09,2012-05-30,nw,15
/wiki/Oliver_Keymis-nw-15,/wiki/Oliver_Keymis,Landtagsvizepräsident/in,Landtagsvizepräsident/in,2010-06-09,2012-05-30,nw,15
/wiki/Angela_Freimuth-nw-15,/wiki/Angela_Freimuth,Landtagsvizepräsident/in,Landtagsvizepräsident/in,2010-06-09,2012-05-30,nw,15
/wiki/Gunhild_B%C3%B6th-nw-15,/wiki/Gunhild_B%C3%B6th,Landtagsvizepräsident/in,Landtagsvizepräsident/in,2010-06-09,2012-05-30,nw,15
/wiki/Carina_G%C3%B6decke-nw-16,/wiki/Carina_G%C3%B6decke,Landtagspräsident/in,Landtagspräsident/in,2012-05-31,2017-05-31,nw,16
/wiki/Eckhard_Uhlenberg-nw-16,/wiki/Eckhard_Uhlenberg,Landtagsvizepräsident/in,Landtagsvizepräsident/in,2012-05-31,2017-05-31,nw,16
/wiki/Oliver_Keymis-nw-16,/wiki/Oliver_Keymis,Landtagsvizepräsident/in,Landtagsvizepräsident/in,2012-05-31,2017-05-31,nw,16
/wiki/Gerhard_Papke-nw-16,/wiki/Gerhard_Papke,Landtagsvizepräsident/in,Landtagsvizepräsident/in,2012-05-31,2017-05-31,nw,16
/wiki/Daniel_D%C3%BCngel-nw-16,/wiki/Daniel_D%C3%BCngel,Landtagsvizepräsident/in,Landtagsvizepräsident/in,2012-05-31,2014-08-12,nw,16
/wiki/Andr%C3%A9_Kuper-nw-17,/wiki/Andr%C3%A9_Kuper,Landtagspräsident/in,Landtagspräsident/in,2017-06-01,2022-05-31,nw,17
/wiki/Carina_G%C3%B6decke-nw-17,/wiki/Carina_G%C3%B6decke,1. Vizepräsident/in,Landtagsvizepräsident/in,2017-06-01,2022-05-31,nw,17
/wiki/Angela_Freimuth-nw-17,/wiki/Angela_Freimuth,2. Vizepräsident/in,Landtagsvizepräsident/in,2017-06-01,2022-05-31,nw,17
/wiki/Oliver_Martin_Keymis-nw-17,/wiki/Oliver_Martin_Keymis,3. Vizepräsident/in,Landtagsvizepräsident/in,2017-06-01,2022-05-31,nw,17
"/wiki/Christoph_Grimm_(Politiker,_1943)-rp-12","/wiki/Christoph_Grimm_(Politiker,_1943)",Landtagspräsident/in,Landtagspräsident/in,1991-05-21,1996-05-19,rp,12
/wiki/Heinz_Peter_Volkert-rp-12,/wiki/Heinz_Peter_Volkert,Landtagsvizepräsident/in,Landtagsvizepräsident/in,1991-05-21,1996-05-19,rp,12
/wiki/Hans-G%C3%BCnther_Heinz-rp-12,/wiki/Hans-G%C3%BCnther_Heinz,Landtagsvizepräsident/in,Landtagsvizepräsident/in,1991-05-21,1996-05-19,rp,12
/wiki/Detlef_Bojak-rp-12,/wiki/Detlef_Bojak,Landtagsvizepräsident/in,Landtagsvizepräsident/in,1991-05-21,1996-05-19,rp,12
/wiki/Erika_Fritsche-rp-12,/wiki/Erika_Fritsche,Landtagsvizepräsident/in,Landtagsvizepräsident/in,1991-05-21,1995-02-28,rp,12
/wiki/Helma_Schmitt-rp-12,/wiki/Helma_Schmitt,Landtagsvizepräsident/in,Landtagsvizepräsident/in,1995-03-01,1996-05-19,rp,12
"/wiki/Christoph_Grimm_(Politiker,_1943)-rp-13","/wiki/Christoph_Grimm_(Politiker,_1943)",Landtagspräsident/in,Landtagspräsident/in,1996-05-20,2001-05-17,rp,13
/wiki/Peter_Schuler-rp-13,/wiki/Peter_Schuler,Landtagsvizepräsident/in,Landtagsvizepräsident/in,1996-05-20,2001-05-17,rp,13
/wiki/Hans-G%C3%BCnther_Heinz-rp-13,/wiki/Hans-G%C3%BCnther_Heinz,Landtagsvizepräsident/in,Landtagsvizepräsident/in,1996-05-20,2001-05-17,rp,13
"/wiki/Christoph_Grimm_(Politiker,_1943)-rp-14","/wiki/Christoph_Grimm_(Politiker,_1943)",Landtagspräsident/in,Landtagspräsident/in,2001-05-18,2006-05-17,rp,14
"/wiki/Gerhard_Schmidt_(Politiker,_1940)-rp-14","/wiki/Gerhard_Schmidt_(Politiker,_1940)",Landtagsvizepräsident/in,Landtagsvizepräsident/in,2001-05-18,2005-04-21,rp,14
/wiki/Gerd_Itzek-rp-14,/wiki/Gerd_Itzek,Landtagsvizepräsident/in,Landtagsvizepräsident/in,2005-04-22,2006-05-17,rp,14
/wiki/Helga_Hammer-rp-14,/wiki/Helga_Hammer,Landtagsvizepräsident/in,Landtagsvizepräsident/in,2001-05-18,2006-05-17,rp,14
/wiki/J%C3%BCrgen_Creutzmann-rp-14,/wiki/J%C3%BCrgen_Creutzmann,Landtagsvizepräsident/in,Landtagsvizepräsident/in,2001-05-18,2006-05-17,rp,14
/wiki/Friedel_Gr%C3%BCtzmacher-rp-14,/wiki/Friedel_Gr%C3%BCtzmacher,Landtagsvizepräsident/in,Landtagsvizepräsident/in,2001-05-18,2006-05-17,rp,14
/wiki/Joachim_Mertes-rp-15,/wiki/Joachim_Mertes,Landtagspräsident/in,Landtagspräsident/in,2006-05-18,2011-05-17,rp,15
/wiki/Hannelore_Klamm-rp-15,/wiki/Hannelore_Klamm,Landtagsvizepräsident/in,Landtagsvizepräsident/in,2006-05-18,2011-05-17,rp,15
/wiki/Heinz-Hermann_Schnabel-rp-15,/wiki/Heinz-Hermann_Schnabel,Landtagsvizepräsident/in,Landtagsvizepräsident/in,2006-05-18,2011-05-17,rp,15
/wiki/Hans-Artur_Bauckhage-rp-15,/wiki/Hans-Artur_Bauckhage,Landtagsvizepräsident/in,Landtagsvizepräsident/in,2006-05-18,2011-05-17,rp,15
/wiki/Joachim_Mertes-rp-16,/wiki/Joachim_Mertes,Landtagspräsident/in,Landtagspräsident/in,2011-05-18,2016-05-17,rp,16
/wiki/Hannelore_Klamm-rp-16,/wiki/Hannelore_Klamm,Landtagsvizepräsident/in,Landtagsvizepräsident/in,2011-05-18,2014-12-18,rp,16
/wiki/Barbara_Schleicher-Rothmund-rp-16,/wiki/Barbara_Schleicher-Rothmund,Landtagsvizepräsident/in,Landtagsvizepräsident/in,2014-12-19,2016-05-17,rp,16
/wiki/Heinz-Hermann_Schnabel-rp-16,/wiki/Heinz-Hermann_Schnabel,Landtagsvizepräsident/in,Landtagsvizepräsident/in,2011-05-18,2016-05-17,rp,16
/wiki/Bernhard_Braun_(Politiker)-rp-16,/wiki/Bernhard_Braun_(Politiker),Landtagsvizepräsident/in,Landtagsvizepräsident/in,2011-05-18,2016-05-17,rp,16
/wiki/Hendrik_Hering-rp-17,/wiki/Hendrik_Hering,Landtagspräsident/in,Landtagspräsident/in,2016-05-18,2021-05-17,rp,17
/wiki/Hans-Josef_Bracht-rp-17,/wiki/Hans-Josef_Bracht,Landtagsvizepräsident/in,Landtagsvizepräsident/in,2016-05-18,2021-05-17,rp,17
/wiki/Astrid_Schmitt-rp-17,/wiki/Astrid_Schmitt,Landtagsvizepräsident/in,Landtagsvizepräsident/in,2016-05-18,2021-05-17,rp,17
/wiki/Lianne_Paulina-M%C3%BCrl-sh-12,/wiki/Lianne_Paulina-M%C3%BCrl,Landtagspräsident/in,Landtagspräsident/in,1988-05-31,1992-05-04,sh,12
/wiki/Eberhard_Dall%E2%80%99Asta-sh-12,/wiki/Eberhard_Dall%E2%80%99Asta,Landtagsvizepräsident/in,Landtagsvizepräsident/in,1988-05-31,1992-05-04,sh,12
/wiki/Alfred_Schulz_(Politiker)-sh-12,/wiki/Alfred_Schulz_(Politiker),Landtagsvizepräsident/in,Landtagsvizepräsident/in,1988-05-31,1992-05-04,sh,12
/wiki/Ute_Erdsiek-Rave-sh-13,/wiki/Ute_Erdsiek-Rave,Landtagspräsident/in,Landtagspräsident/in,1992-05-05,1996-04-22,sh,13
/wiki/Eberhard_Dall%E2%80%99Asta-sh-13,/wiki/Eberhard_Dall%E2%80%99Asta,Landtagsvizepräsident/in,Landtagsvizepräsident/in,1992-05-05,1996-04-22,sh,13
/wiki/Ernst_Dieter_Rossmann-sh-13,/wiki/Ernst_Dieter_Rossmann,Landtagsvizepräsident/in,Landtagsvizepräsident/in,1992-05-05,1996-04-22,sh,13
/wiki/Heinz-Werner_Arens-sh-14,/wiki/Heinz-Werner_Arens,Landtagspräsident/in,Landtagspräsident/in,1996-04-23,2000-03-27,sh,14
/wiki/Eberhard_Dall%E2%80%99Asta-sh-14,/wiki/Eberhard_Dall%E2%80%99Asta,Landtagsvizepräsident/in,Landtagsvizepräsident/in,1996-04-23,2000-03-27,sh,14
/wiki/Gabriele_K%C3%B6tschau-sh-14,/wiki/Gabriele_K%C3%B6tschau,Landtagsvizepräsident/in,Landtagsvizepräsident/in,1996-04-23,2000-03-27,sh,14
/wiki/Heinz-Werner_Arens-sh-15,/wiki/Heinz-Werner_Arens,Landtagspräsident/in,Landtagspräsident/in,2000-03-28,2005-03-16,sh,15
/wiki/Thomas_Stritzl-sh-15,/wiki/Thomas_Stritzl,Landtagsvizepräsident/in,Landtagsvizepräsident/in,2000-03-28,2005-03-16,sh,15
/wiki/Gabriele_K%C3%B6tschau-sh-15,/wiki/Gabriele_K%C3%B6tschau,Landtagsvizepräsident/in,Landtagsvizepräsident/in,2000-03-28,2005-03-16,sh,15
/wiki/Martin_Kayenburg-sh-16,/wiki/Martin_Kayenburg,Landtagspräsident/in,Landtagspräsident/in,2005-03-17,2009-10-26,sh,16
/wiki/Ingrid_Franzen-sh-16,/wiki/Ingrid_Franzen,Landtagsvizepräsident/in,Landtagsvizepräsident/in,2005-03-17,2009-10-26,sh,16
/wiki/Frauke_Tengler-sh-16,/wiki/Frauke_Tengler,Landtagsvizepräsident/in,Landtagsvizepräsident/in,2005-03-17,2009-10-26,sh,16
/wiki/Torsten_Geerdts-sh-17,/wiki/Torsten_Geerdts,Landtagspräsident/in,Landtagspräsident/in,2009-10-27,2012-06-04,sh,17
/wiki/Herlich_Marie_Todsen-Reese-sh-17,/wiki/Herlich_Marie_Todsen-Reese,Landtagsvizepräsident/in,Landtagsvizepräsident/in,2009-10-27,2012-06-04,sh,17
/wiki/Gitta_Trauernicht-sh-17,/wiki/Gitta_Trauernicht,Landtagsvizepräsident/in,Landtagsvizepräsident/in,2009-10-27,2012-06-04,sh,17
/wiki/Anita_Klahn-sh-17,/wiki/Anita_Klahn,Landtagsvizepräsident/in,Landtagsvizepräsident/in,2009-10-27,2012-06-04,sh,17
/wiki/Maria-Elisabeth_Fritzen-sh-17,/wiki/Maria-Elisabeth_Fritzen,Landtagsvizepräsident/in,Landtagsvizepräsident/in,2009-10-27,2012-06-04,sh,17
/wiki/Klaus_Schlie-sh-18,/wiki/Klaus_Schlie,Landtagspräsident/in,Landtagspräsident/in,,,sh,18
/wiki/Bernd_Heinemann-sh-18,/wiki/Bernd_Heinemann,Landtagsvizepräsident/in,Landtagsvizepräsident/in,,,sh,18
/wiki/Marlies_Fritzen-sh-18,/wiki/Marlies_Fritzen,Landtagsvizepräsident/in,Landtagsvizepräsident/in,,,sh,18
/wiki/Klaus_Schlie-sh-19,/wiki/Klaus_Schlie,Landtagspräsident/in,Landtagspräsident/in,2017-06-06,2022-04-28,sh,19
/wiki/Kirsten_Eickhoff-Weber-sh-19,/wiki/Kirsten_Eickhoff-Weber,Landtagsvizepräsident/in,Landtagsvizepräsident/in,2017-06-06,2022-04-28,sh,19
"/wiki/Aminata_Tour%C3%A9_(Politikerin,_1992)-sh-19","/wiki/Aminata_Tour%C3%A9_(Politikerin,_1992)",Landtagsvizepräsident/in,Landtagsvizepräsident/in,2017-06-06,2022-04-28,sh,19
/wiki/Annabell_Kr%C3%A4mer-sh-19,/wiki/Annabell_Kr%C3%A4mer,Landtagsvizepräsident/in,Landtagsvizepräsident/in,2017-06-06,2022-04-28,sh,19
/wiki/Albrecht_Herold-sl-10,/wiki/Albrecht_Herold,Landtagspräsident/in,Landtagspräsident/in,,,sl,10
/wiki/Rita_Waschb%C3%BCsch-sl-10,/wiki/Rita_Waschb%C3%BCsch,Landtagsvizepräsident/in,Landtagsvizepräsident/in,,,sl,10
/wiki/Roswitha_Hollinger-sl-10,/wiki/Roswitha_Hollinger,Landtagsvizepräsident/in,Landtagsvizepräsident/in,,,sl,10
/wiki/Hans_Kasper_(Politiker)-sl-11,/wiki/Hans_Kasper_(Politiker),Landtagspräsident/in,Landtagspräsident/in,,,sl,11
/wiki/Gerd_Meyer_(Politiker)-sl-11,/wiki/Gerd_Meyer_(Politiker),Landtagsvizepräsident/in,Landtagsvizepräsident/in,,,sl,11
/wiki/Roswitha_Hollinger-sl-11,/wiki/Roswitha_Hollinger,Landtagsvizepräsident/in,Landtagsvizepräsident/in,,,sl,11
/wiki/Hans_Ley-sl-12,/wiki/Hans_Ley,Landtagspräsident/in,Landtagspräsident/in,,,sl,12
/wiki/Roswitha_Hollinger-sl-12,/wiki/Roswitha_Hollinger,Landtagsvizepräsident/in,Landtagsvizepräsident/in,,,sl,12
/wiki/Kurt_Schoenen-sl-12,/wiki/Kurt_Schoenen,Landtagsvizepräsident/in,Landtagsvizepräsident/in,,,sl,12
/wiki/Hans_Ley-sl-13,/wiki/Hans_Ley,Landtagspräsident/in,Landtagspräsident/in,,,sl,13
/wiki/Reiner_Braun_(Politiker)-sl-13,/wiki/Reiner_Braun_(Politiker),Landtagsvizepräsident/in,Landtagsvizepräsident/in,,,sl,13
/wiki/Gisela_Rink-sl-13,/wiki/Gisela_Rink,Landtagsvizepräsident/in,Landtagsvizepräsident/in,,,sl,13
/wiki/Hans_Ley-sl-14,/wiki/Hans_Ley,Landtagspräsident/in,Landtagspräsident/in,2009-09-23,2012-04-23,sl,14
/wiki/Isolde_Ries-sl-14,/wiki/Isolde_Ries,Landtagsvizepräsident/in,Landtagsvizepräsident/in,2009-09-23,2012-04-23,sl,14
/wiki/Karl-Josef_Jochem-sl-14,/wiki/Karl-Josef_Jochem,Landtagsvizepräsident/in,Landtagsvizepräsident/in,2009-09-23,2012-04-23,sl,14
/wiki/Hans_Ley-sl-15,/wiki/Hans_Ley,Landtagspräsident/in,Landtagspräsident/in,2012-04-24,2015-07-16,sl,15
/wiki/Klaus_Meiser-sl-15,/wiki/Klaus_Meiser,Landtagspräsident/in,Landtagspräsident/in,2015-11-11,2017-04-24,sl,15
/wiki/Isolde_Ries-sl-15,/wiki/Isolde_Ries,Landtagsvizepräsident/in,Landtagsvizepräsident/in,2012-04-24,2017-04-24,sl,15
/wiki/Rolf_Linsler-sl-15,/wiki/Rolf_Linsler,Landtagsvizepräsident/in,Landtagsvizepräsident/in,2012-04-24,2013-09-27,sl,15
/wiki/Barbara_Spaniol-sl-15,/wiki/Barbara_Spaniol,Landtagsvizepräsident/in,Landtagsvizepräsident/in,2013-10-16,2017-04-24,sl,15
/wiki/Klaus_Meiser-sl-16,/wiki/Klaus_Meiser,Landtagspräsident/in,Landtagspräsident/in,2017-04-25,2018-02-12,sl,16
/wiki/Stephan_Toscani-sl-16,/wiki/Stephan_Toscani,Landtagspräsident/in,Landtagspräsident/in,2018-03-01,2022-04-14,sl,16
/wiki/Isolde_Ries-sl-16,/wiki/Isolde_Ries,Landtagsvizepräsident/in,Landtagsvizepräsident/in,2017-04-25,2022-04-14,sl,16
/wiki/G%C3%BCnter_Heinrich-sl-16,/wiki/G%C3%BCnter_Heinrich,Landtagsvizepräsident/in,Landtagsvizepräsident/in,2017-04-25,2022-04-14,sl,16
/wiki/Barbara_Spaniol-sl-16,/wiki/Barbara_Spaniol,Landtagsvizepräsident/in,Landtagsvizepräsident/in,2017-04-25,2018-11-15,sl,16
/wiki/Ralf_Georgi-sl-16,/wiki/Ralf_Georgi,Landtagsvizepräsident/in,Landtagsvizepräsident/in,2021-11-18,2022-04-14,sl,16
/wiki/Erich_Iltgen-sn-1,/wiki/Erich_Iltgen,Landtagspräsident/in,Landtagspräsident/in,1990-10-27,1994-10-05,sn,1
/wiki/Dieter_Rudorf-sn-1,/wiki/Dieter_Rudorf,Landtagsvizepräsident/in,Landtagsvizepräsident/in,1990-10-27,1994-10-05,sn,1
/wiki/Heiner_Sandig-sn-1,/wiki/Heiner_Sandig,Landtagsvizepräsident/in,Landtagsvizepräsident/in,1990-10-27,1994-10-05,sn,1
/wiki/Erich_Iltgen-sn-2,/wiki/Erich_Iltgen,Landtagspräsident/in,Landtagspräsident/in,1994-10-06,1999-10-12,sn,2
/wiki/Heiner_Sandig-sn-2,/wiki/Heiner_Sandig,Landtagsvizepräsident/in,Landtagsvizepräsident/in,1994-10-06,1999-10-12,sn,2
/wiki/Andrea_Dombois-sn-2,/wiki/Andrea_Dombois,Landtagsvizepräsident/in,Landtagsvizepräsident/in,1994-10-06,1999-10-12,sn,2
/wiki/Erich_Iltgen-sn-3,/wiki/Erich_Iltgen,Landtagspräsident/in,Landtagspräsident/in,1999-10-13,2004-10-18,sn,3
/wiki/Andrea_Dombois-sn-3,/wiki/Andrea_Dombois,Landtagsvizepräsident/in,Landtagsvizepräsident/in,1999-10-13,2004-10-18,sn,3
/wiki/Brigitte_Zschoche-sn-3,/wiki/Brigitte_Zschoche,Landtagsvizepräsident/in,Landtagsvizepräsident/in,1999-10-13,2004-10-18,sn,3
/wiki/Erich_Iltgen-sn-4,/wiki/Erich_Iltgen,Landtagspräsident/in,Landtagspräsident/in,2004-10-19,2009-09-28,sn,4
/wiki/Regina_Schulz-sn-4,/wiki/Regina_Schulz,Landtagsvizepräsident/in,Landtagsvizepräsident/in,2004-10-19,2009-09-28,sn,4
/wiki/Andrea_Dombois-sn-4,/wiki/Andrea_Dombois,Landtagsvizepräsident/in,Landtagsvizepräsident/in,2004-10-19,2009-09-28,sn,4
/wiki/Gunther_Hatzsch-sn-4,/wiki/Gunther_Hatzsch,Landtagsvizepräsident/in,Landtagsvizepräsident/in,2004-10-19,2009-09-28,sn,4
/wiki/Matthias_R%C3%B6%C3%9Fler-sn-5,/wiki/Matthias_R%C3%B6%C3%9Fler,Landtagspräsident/in,Landtagspräsident/in,2009-09-29,2014-09-28,sn,5
/wiki/Andrea_Dombois-sn-5,/wiki/Andrea_Dombois,Landtagsvizepräsident/in,Landtagsvizepräsident/in,2009-09-29,2014-09-28,sn,5
/wiki/Horst_Wehner-sn-5,/wiki/Horst_Wehner,Landtagsvizepräsident/in,Landtagsvizepräsident/in,2009-09-29,2014-09-28,sn,5
/wiki/Andreas_Schmalfu%C3%9F-sn-5,/wiki/Andreas_Schmalfu%C3%9F,Landtagsvizepräsident/in,Landtagsvizepräsident/in,2009-09-29,2014-09-28,sn,5
/wiki/Matthias_R%C3%B6%C3%9Fler-sn-6,/wiki/Matthias_R%C3%B6%C3%9Fler,Landtagspräsident/in,Landtagspräsident/in,2014-09-29,2019-09-30,sn,6
/wiki/Andrea_Dombois-sn-6,/wiki/Andrea_Dombois,Landtagsvizepräsident/in,Landtagsvizepräsident/in,2014-09-29,2019-09-30,sn,6
/wiki/Horst_Wehner-sn-6,/wiki/Horst_Wehner,Landtagsvizepräsident/in,Landtagsvizepräsident/in,2014-09-29,2019-09-30,sn,6
/wiki/Klaus_Keitel-st-1,/wiki/Klaus_Keitel,Landtagspräsident/in,Landtagspräsident/in,1990-10-28,1994-07-20,st,1
/wiki/R%C3%BCdiger_Fikentscher-st-1,/wiki/R%C3%BCdiger_Fikentscher,Landtagsvizepräsident/in,Landtagsvizepräsident/in,1990-10-28,1994-07-20,st,1
/wiki/Cornelia_Pieper-st-1,/wiki/Cornelia_Pieper,Landtagsvizepräsident/in,Landtagsvizepräsident/in,1990-10-28,1994-07-20,st,1
/wiki/Klaus_Keitel-st-2,/wiki/Klaus_Keitel,Landtagspräsident/in,Landtagspräsident/in,1994-07-21,1998-05-24,st,2
/wiki/Ingrid_H%C3%A4u%C3%9Fler-st-2,/wiki/Ingrid_H%C3%A4u%C3%9Fler,Landtagsvizepräsident/in,Landtagsvizepräsident/in,1994-07-21,1998-05-24,st,2
/wiki/Roswitha_Stolfa-st-2,/wiki/Roswitha_Stolfa,Landtagsvizepräsident/in,Landtagsvizepräsident/in,1994-07-21,1998-05-24,st,2
/wiki/Wolfgang_Schaefer-st-3,/wiki/Wolfgang_Schaefer,Landtagspräsident/in,Landtagspräsident/in,1998-05-25,2002-05-15,st,3
/wiki/Wolfgang_B%C3%B6hmer-st-3,/wiki/Wolfgang_B%C3%B6hmer,Landtagsvizepräsident/in,Landtagsvizepräsident/in,1998-05-25,2002-05-15,st,3
/wiki/Walter_Remmers-st-3,/wiki/Walter_Remmers,Landtagsvizepräsident/in,Landtagsvizepräsident/in,1998-05-25,2002-05-15,st,3
/wiki/Roswitha_Stolfa-st-3,/wiki/Roswitha_Stolfa,Landtagsvizepräsident/in,Landtagsvizepräsident/in,1998-05-25,2002-05-15,st,3
/wiki/Adolf_Spotka-st-4,/wiki/Adolf_Spotka,Landtagspräsident/in,Landtagspräsident/in,2002-05-16,2006-04-23,st,4
/wiki/R%C3%BCdiger_Fikentscher-st-4,/wiki/R%C3%BCdiger_Fikentscher,Landtagsvizepräsident/in,Landtagsvizepräsident/in,2002-05-16,2006-04-23,st,4
/wiki/Helga_Paschke-st-4,/wiki/Helga_Paschke,Landtagsvizepräsident/in,Landtagsvizepräsident/in,2002-05-16,2006-04-23,st,4
"/wiki/Dieter_Steinecke_(Politiker,_1944)-st-5","/wiki/Dieter_Steinecke_(Politiker,_1944)",Landtagspräsident/in,Landtagspräsident/in,2006-04-24,2011-04-18,st,5
/wiki/R%C3%BCdiger_Fikentscher-st-5,/wiki/R%C3%BCdiger_Fikentscher,Landtagsvizepräsident/in,Landtagsvizepräsident/in,2006-04-24,2011-04-18,st,5
/wiki/Helga_Paschke-st-5,/wiki/Helga_Paschke,Landtagsvizepräsident/in,Landtagsvizepräsident/in,2006-04-24,2011-04-18,st,5
"/wiki/Dieter_Steinecke_(Politiker,_1944)-st-6","/wiki/Dieter_Steinecke_(Politiker,_1944)",Landtagspräsident/in,Landtagspräsident/in,2015-12-09,2016-04-11,st,6
/wiki/Helga_Paschke-st-6,/wiki/Helga_Paschke,Landtagsvizepräsident/in,Landtagsvizepräsident/in,2011-04-19,2016-04-11,st,6
/wiki/Gerhard_Miesterfeldt-st-6,/wiki/Gerhard_Miesterfeldt,Landtagsvizepräsident/in,Landtagsvizepräsident/in,2011-04-19,2016-04-11,st,6
/wiki/Detlef_G%C3%BCrth-st-6,/wiki/Detlef_G%C3%BCrth,Landtagspräsident/in,Landtagspräsident/in,2011-04-19,2015-12-01,st,6
/wiki/Hardy_G%C3%BCssau-st-7,/wiki/Hardy_G%C3%BCssau,Landtagspräsident/in,Landtagspräsident/in,2016-04-12,2016-08-21,st,7
/wiki/Gabriele_Brakebusch-st-7,/wiki/Gabriele_Brakebusch,Landtagspräsident/in,Landtagspräsident/in,2016-09-01,2021-07-05,st,7
/wiki/Daniel_Rausch-st-7,/wiki/Daniel_Rausch,Landtagsvizepräsident/in,Landtagsvizepräsident/in,2016-04-12,2016-06-02,st,7
/wiki/Willi_Mittelst%C3%A4dt-st-7,/wiki/Willi_Mittelst%C3%A4dt,Landtagsvizepräsident/in,Landtagsvizepräsident/in,2016-09-30,2021-07-05,st,7
/wiki/Wulf_Gallert-st-7,/wiki/Wulf_Gallert,Landtagsvizepräsident/in,Landtagsvizepräsident/in,2016-04-12,2021-07-05,st,7
/wiki/Gottfried_M%C3%BCller_(Politiker)-th-1,/wiki/Gottfried_M%C3%BCller_(Politiker),Landtagspräsident/in,Landtagspräsident/in,1990-10-25,1994-11-09,th,1
"/wiki/Peter_Friedrich_(Politiker,_1942)-th-1","/wiki/Peter_Friedrich_(Politiker,_1942)",Landtagsvizepräsident/in,Landtagsvizepräsident/in,1990-10-25,1994-11-09,th,1
/wiki/Peter_Backhaus-th-1,/wiki/Peter_Backhaus,Landtagsvizepräsident/in,Landtagsvizepräsident/in,1990-10-25,1994-11-09,th,1
/wiki/Frank-Michael_Pietzsch-th-2,/wiki/Frank-Michael_Pietzsch,Landtagspräsident/in,Landtagspräsident/in,1994-11-10,1999-09-30,th,2
"/wiki/Peter_Friedrich_(Politiker,_1942)-th-2","/wiki/Peter_Friedrich_(Politiker,_1942)",Landtagsvizepräsident/in,Landtagsvizepräsident/in,1994-11-10,1998-06-15,th,2
/wiki/Hans-J%C3%BCrgen_D%C3%B6ring-th-2,/wiki/Hans-J%C3%BCrgen_D%C3%B6ring,Landtagsvizepräsident/in,Landtagsvizepräsident/in,1998-06-16,1999-09-30,th,2
/wiki/Roland_Hahnemann-th-2,/wiki/Roland_Hahnemann,Landtagsvizepräsident/in,Landtagsvizepräsident/in,1994-11-10,1999-09-30,th,2
/wiki/Christine_Lieberknecht-th-3,/wiki/Christine_Lieberknecht,Landtagspräsident/in,Landtagspräsident/in,1999-10-01,2004-07-07,th,3
/wiki/Irene_Ellenberger-th-3,/wiki/Irene_Ellenberger,Landtagsvizepräsident/in,Landtagsvizepräsident/in,1999-10-01,2004-07-07,th,3
/wiki/Birgit_Klaubert-th-3,/wiki/Birgit_Klaubert,Landtagsvizepräsident/in,Landtagsvizepräsident/in,1999-10-01,2004-07-07,th,3
/wiki/Dagmar_Schipanski-th-4,/wiki/Dagmar_Schipanski,Landtagspräsident/in,Landtagspräsident/in,2004-07-08,2009-09-28,th,4
/wiki/Birgit_Klaubert-th-4,/wiki/Birgit_Klaubert,Landtagsvizepräsident/in,Landtagsvizepräsident/in,2004-07-08,2009-09-28,th,4
/wiki/Birgit_Pelke-th-4,/wiki/Birgit_Pelke,Landtagsvizepräsident/in,Landtagsvizepräsident/in,2004-07-08,2009-09-28,th,4
/wiki/Birgit_Diezel-th-5,/wiki/Birgit_Diezel,Landtagspräsident/in,Landtagspräsident/in,2009-09-29,2014-10-13,th,5
/wiki/Birgit_Klaubert-th-5,/wiki/Birgit_Klaubert,Landtagsvizepräsident/in,Landtagsvizepräsident/in,2009-09-29,2014-10-13,th,5
/wiki/Heiko_Gentzel-th-5,/wiki/Heiko_Gentzel,Landtagsvizepräsident/in,Landtagsvizepräsident/in,2009-09-29,2014-10-13,th,5
/wiki/Franka_Hitzing-th-5,/wiki/Franka_Hitzing,Landtagsvizepräsident/in,Landtagsvizepräsident/in,2009-09-29,2014-10-13,th,5
/wiki/Astrid_Rothe-Beinlich-th-5,/wiki/Astrid_Rothe-Beinlich,Landtagsvizepräsident/in,Landtagsvizepräsident/in,2009-09-29,2014-10-13,th,5
/wiki/Christian_Carius-th-6,/wiki/Christian_Carius,Landtagspräsident/in,Landtagspräsident/in,2014-10-14,2018-10-15,th,6
/wiki/Birgit_Diezel-th-6,/wiki/Birgit_Diezel,Landtagspräsident/in,Landtagspräsident/in,2018-12-12,2019-11-25,th,6
/wiki/Margit_Jung-th-6,/wiki/Margit_Jung,Landtagsvizepräsident/in,Landtagsvizepräsident/in,2014-10-14,2019-11-25,th,6
/wiki/Uwe_Höhn-th-6,/wiki/Uwe_Höhn,Landtagsvizepräsident/in,Landtagsvizepräsident/in,2014-10-14,2017-09-15,th,6
/wiki/Dorothea_Marx-th-6,/wiki/Dorothea_Marx,Landtagsvizepräsident/in,Landtagsvizepräsident/in,2017-09-27,2019-11-25,th,6
